id,username,email,created_at
1,tidycanyon38,tidycanyon38@acme.dev,2026-01-29 12:33:17
2,harborengine76,harborengine76@opswise.net,2025-10-12 06:43:07
3,mellowanchor47,mellowanchor47@opswise.net,2024-08-15 19:05:04
4,ambervalley18,ambervalley18@seeded.app,2024-04-15 01:54:51
5,rapidzenith74,rapidzenith74@relay.cloud,2024-01-27 01:15:01
6,vividgarden21,vividgarden21@relay.cloud,2024-06-14 19:43:34
7,jadezenith06,jadezenith06@hackstack.io,2024-11-16 05:47:41
8,ivorylagoon32,ivorylagoon32@relay.cloud,2024-08-12 09:51:45
9,jadegarden65,jadegarden65@seeded.app,2025-07-16 22:04:03
10,mellowwindow80,mellowwindow80@example.com,2024-10-18 22:40:43
11,brisktrail90,brisktrail90@hackstack.io,2024-09-23 20:31:41
12,dawnmeadow26,dawnmeadow26@example.com,2026-01-03 16:05:52
13,younganchor64,younganchor64@hackstack.io,2025-04-12 08:02:35
14,rapidkernel12,rapidkernel12@hackstack.io,2025-03-02 11:54:35
15,tidymeadow06,tidymeadow06@relay.cloud,2024-12-31 16:40:07
16,amberengine90,amberengine90@acme.dev,2025-03-30 20:09:53
17,briskengine40,briskengine40@acme.dev,2025-03-25 12:33:35
18,navyengine46,navyengine46@acme.dev,2024-03-08 20:36:22
19,dawnriver49,dawnriver49@relay.cloud,2025-10-18 19:28:04
20,calmquartz79,calmquartz79@opswise.net,2025-06-27 23:01:09
21,livelytrail95,livelytrail95@opswise.net,2025-02-10 00:37:40
22,clearnetwork88,clearnetwork88@seeded.app,2024-10-29 00:42:58
23,proudnetwork02,proudnetwork02@example.com,2024-09-19 12:48:47
24,amberorbit72,amberorbit72@seeded.app,2024-06-30 09:56:36
25,keenquartz59,keenquartz59@relay.cloud,2024-10-31 11:05:36
26,warmmeadow79,warmmeadow79@opswise.net,2025-10-24 15:10:31
27,navygarden44,navygarden44@seeded.app,2024-11-15 19:32:41
28,cobaltquartz60,cobaltquartz60@relay.cloud,2025-02-06 03:01:58
29,livelyharvest52,livelyharvest52@hackstack.io,2024-04-07 03:25:31
30,amberriver42,amberriver42@acme.dev,2024-06-27 08:13:29
31,youngvalley48,youngvalley48@opswise.net,2024-10-22 13:13:10
32,jadeyard43,jadeyard43@seeded.app,2026-01-09 07:00:02
33,keentrail59,keentrail59@hackstack.io,2025-02-07 23:30:41
34,keenlagoon10,keenlagoon10@seeded.app,2025-05-30 14:37:14
35,emberuplink79,emberuplink79@seeded.app,2025-05-09 09:01:19
36,emberjourney16,emberjourney16@example.com,2025-07-18 19:43:48
37,keenquartz45,keenquartz45@seeded.app,2024-12-28 06:21:07
38,quietquartz43,quietquartz43@relay.cloud,2025-05-21 20:05:43
39,embersignal67,embersignal67@relay.cloud,2025-06-29 05:53:12
40,harbortrail97,harbortrail97@opswise.net,2024-01-18 23:15:30
41,proudmeadow00,proudmeadow00@example.com,2026-01-16 15:05:07
42,ivoryuplink21,ivoryuplink21@relay.cloud,2025-05-28 07:12:56
43,opalpioneer74,opalpioneer74@seeded.app,2024-06-22 10:55:20
44,silvermeadow52,silvermeadow52@acme.dev,2025-07-05 11:56:24
45,emberorbit72,emberorbit72@acme.dev,2025-01-21 01:55:00
46,opalengine22,opalengine22@opswise.net,2025-04-09 05:42:50
47,tidyquartz26,tidyquartz26@acme.dev,2024-01-16 14:26:01
48,urbantrail59,urbantrail59@acme.dev,2024-08-12 01:13:55
49,briskanchor22,briskanchor22@hackstack.io,2024-02-28 08:13:21
50,ivoryvalley94,ivoryvalley94@hackstack.io,2024-06-27 01:39:28
51,tidyfield03,tidyfield03@acme.dev,2024-08-20 06:47:46
52,clearyard70,clearyard70@example.com,2024-08-25 07:09:48
53,keenlagoon88,keenlagoon88@hackstack.io,2024-09-05 22:03:04
54,navyanchor43,navyanchor43@example.com,2024-01-07 01:58:44
55,warmuplink94,warmuplink94@opswise.net,2025-07-22 13:31:19
56,tidykernel63,tidykernel63@relay.cloud,2024-04-06 19:28:50
57,opaldelta93,opaldelta93@hackstack.io,2024-05-05 15:20:50
58,keensignal92,keensignal92@seeded.app,2025-10-05 03:58:53
59,briskisland88,briskisland88@example.com,2025-10-17 11:19:38
60,clearsignal87,clearsignal87@opswise.net,2024-02-11 02:29:00
61,youngzenith65,youngzenith65@acme.dev,2025-09-06 11:50:38
62,vividriver40,vividriver40@relay.cloud,2025-08-29 22:44:46
63,harboranchor15,harboranchor15@opswise.net,2025-11-05 02:23:03
64,prouduplink53,prouduplink53@hackstack.io,2025-08-16 13:14:58
65,clearkernel14,clearkernel14@acme.dev,2025-09-04 20:55:08
66,youngdelta66,youngdelta66@opswise.net,2025-02-04 22:11:44
67,amberbeacon63,amberbeacon63@opswise.net,2024-04-21 05:57:34
68,ivoryzenith50,ivoryzenith50@acme.dev,2024-08-25 20:16:58
69,amberdelta34,amberdelta34@relay.cloud,2025-04-17 04:32:21
70,mellowwindow43,mellowwindow43@example.com,2025-02-19 09:01:49
71,ivoryfield59,ivoryfield59@seeded.app,2025-07-17 14:40:47
72,opalbeacon92,opalbeacon92@hackstack.io,2024-03-13 21:56:40
73,dawnyard30,dawnyard30@relay.cloud,2025-10-03 14:23:50
74,calmbeacon92,calmbeacon92@seeded.app,2025-08-16 11:57:21
75,calmquartz05,calmquartz05@hackstack.io,2024-03-01 05:20:34
76,jadenetwork33,jadenetwork33@relay.cloud,2026-01-08 20:33:37
77,forestjourney58,forestjourney58@example.com,2025-02-06 00:47:48
78,mellownetwork53,mellownetwork53@relay.cloud,2024-12-03 09:24:13
79,harborriver73,harborriver73@relay.cloud,2025-01-31 06:38:25
80,silveruplink57,silveruplink57@seeded.app,2024-10-23 16:48:38
81,rapiduplink64,rapiduplink64@hackstack.io,2025-10-12 18:45:37
82,urbanjourney80,urbanjourney80@seeded.app,2025-12-11 19:41:42
83,mellowpioneer71,mellowpioneer71@opswise.net,2025-10-27 16:43:56
84,ivorykernel03,ivorykernel03@hackstack.io,2025-06-21 08:36:03
85,jadewindow96,jadewindow96@hackstack.io,2025-07-08 18:35:14
86,clearfield12,clearfield12@relay.cloud,2025-05-20 21:36:09
87,proudwindow73,proudwindow73@relay.cloud,2024-03-06 02:11:38
88,rapidengine35,rapidengine35@example.com,2025-12-14 22:59:53
89,silverwindow45,silverwindow45@hackstack.io,2024-10-01 07:06:57
90,opalsignal00,opalsignal00@example.com,2024-10-10 01:15:07
91,navyuplink04,navyuplink04@relay.cloud,2024-10-16 06:15:13
92,cobaltcanyon05,cobaltcanyon05@seeded.app,2025-06-30 10:28:36
93,silverfield70,silverfield70@seeded.app,2026-01-14 03:48:03
94,keenfield32,keenfield32@relay.cloud,2024-07-24 20:41:03
95,navykernel19,navykernel19@relay.cloud,2025-07-22 23:51:56
96,tidydelta54,tidydelta54@seeded.app,2026-01-14 11:34:21
97,harborvalley64,harborvalley64@seeded.app,2024-03-08 17:52:38
98,warmorbit86,warmorbit86@acme.dev,2024-09-19 05:27:31
99,rapidcanyon77,rapidcanyon77@hackstack.io,2025-03-10 10:58:22
100,vividisland11,vividisland11@seeded.app,2025-06-16 22:58:53
101,mellowharvest32,mellowharvest32@hackstack.io,2025-08-21 14:08:11
102,vividbeacon85,vividbeacon85@opswise.net,2025-11-19 22:32:58
103,emberquartz50,emberquartz50@acme.dev,2024-01-01 02:16:01
104,goldisland41,goldisland41@opswise.net,2025-04-01 20:11:09
105,opalriver49,opalriver49@seeded.app,2025-04-01 05:12:30
106,embervalley29,embervalley29@hackstack.io,2024-02-03 21:58:16
107,rapidgarden44,rapidgarden44@example.com,2025-01-18 01:31:35
108,ivorymeadow67,ivorymeadow67@acme.dev,2024-12-16 07:54:19
109,tidysignal07,tidysignal07@acme.dev,2024-09-12 18:40:47
110,urbanjourney54,urbanjourney54@acme.dev,2024-05-07 06:00:54
111,proudlagoon27,proudlagoon27@acme.dev,2024-10-27 18:35:43
112,amberlagoon38,amberlagoon38@seeded.app,2025-09-21 17:25:26
113,brisksignal77,brisksignal77@seeded.app,2024-07-15 20:36:01
114,tidykernel37,tidykernel37@acme.dev,2024-05-08 04:34:30
115,rapiddelta95,rapiddelta95@example.com,2025-11-21 01:15:41
116,forestvalley11,forestvalley11@acme.dev,2025-06-01 20:26:46
117,youngisland35,youngisland35@opswise.net,2025-07-25 03:15:04
118,warmjourney50,warmjourney50@acme.dev,2025-03-23 20:58:48
119,silveranchor55,silveranchor55@hackstack.io,2025-09-03 17:00:13
120,proudsignal34,proudsignal34@hackstack.io,2024-07-31 22:33:31
121,jadequartz54,jadequartz54@example.com,2024-02-23 13:57:09
122,emberorbit14,emberorbit14@acme.dev,2025-07-31 05:51:54
123,vividyard52,vividyard52@hackstack.io,2025-07-10 08:14:03
124,goldfield98,goldfield98@hackstack.io,2024-07-01 20:47:29
125,cobaltfield30,cobaltfield30@relay.cloud,2025-05-16 08:24:13
126,forestnetwork13,forestnetwork13@hackstack.io,2024-03-01 13:02:17
127,embermeadow91,embermeadow91@hackstack.io,2025-05-05 13:11:16
128,forestnetwork42,forestnetwork42@seeded.app,2024-06-08 10:52:05
129,navyuplink34,navyuplink34@hackstack.io,2024-11-20 12:47:06
130,keenvalley82,keenvalley82@hackstack.io,2026-01-30 19:30:23
131,vividjourney80,vividjourney80@relay.cloud,2024-11-05 01:56:21
132,tidyquartz75,tidyquartz75@seeded.app,2025-10-07 00:02:28
133,emberlagoon27,emberlagoon27@relay.cloud,2024-10-03 13:15:55
134,dawnquartz72,dawnquartz72@seeded.app,2024-10-24 18:58:41
135,rapidisland87,rapidisland87@opswise.net,2025-10-19 05:01:28
136,quietkernel56,quietkernel56@opswise.net,2024-01-07 03:54:40
137,amberriver02,amberriver02@acme.dev,2025-02-08 13:08:20
138,clearkernel55,clearkernel55@acme.dev,2024-12-01 13:14:01
139,briskpioneer65,briskpioneer65@acme.dev,2024-04-04 23:12:25
140,dawnmeadow54,dawnmeadow54@seeded.app,2024-04-30 12:45:48
141,dawnengine07,dawnengine07@example.com,2025-05-05 19:13:02
142,warmanchor50,warmanchor50@seeded.app,2024-06-13 22:34:44
143,opaltrail17,opaltrail17@hackstack.io,2025-12-11 22:40:21
144,mellowisland27,mellowisland27@relay.cloud,2025-10-23 02:47:07
145,mellowharvest64,mellowharvest64@opswise.net,2025-01-02 03:15:28
146,briskcanyon18,briskcanyon18@opswise.net,2025-08-21 15:15:02
147,youngcanyon84,youngcanyon84@seeded.app,2025-09-25 01:13:47
148,urbanjourney96,urbanjourney96@hackstack.io,2024-10-21 13:40:44
149,opaluplink08,opaluplink08@hackstack.io,2024-07-21 01:07:12
150,briskquartz95,briskquartz95@hackstack.io,2024-02-22 00:45:03
151,briskwindow06,briskwindow06@opswise.net,2025-07-15 16:28:34
152,warmfield33,warmfield33@opswise.net,2025-10-18 21:57:39
153,urbanmeadow49,urbanmeadow49@relay.cloud,2026-01-19 20:42:38
154,forestquartz65,forestquartz65@example.com,2025-04-19 19:30:31
155,tidykernel12,tidykernel12@acme.dev,2025-09-29 23:51:45
156,rapidriver77,rapidriver77@example.com,2024-01-08 00:36:38
157,vividlagoon23,vividlagoon23@seeded.app,2025-10-26 22:43:43
158,silvercanyon48,silvercanyon48@seeded.app,2025-01-29 20:19:50
159,emberquartz82,emberquartz82@example.com,2025-08-20 18:05:05
160,silvergarden35,silvergarden35@acme.dev,2024-06-01 16:01:15
161,vividgarden36,vividgarden36@relay.cloud,2024-01-20 00:46:59
162,calmwindow82,calmwindow82@relay.cloud,2024-04-24 21:25:08
163,forestfield48,forestfield48@relay.cloud,2024-10-24 17:17:19
164,urbanwindow25,urbanwindow25@acme.dev,2025-02-23 07:49:31
165,tidyisland54,tidyisland54@relay.cloud,2025-12-31 13:59:03
166,calmjourney79,calmjourney79@example.com,2025-11-24 02:07:48
167,harboranchor45,harboranchor45@acme.dev,2024-03-29 17:55:24
168,younglagoon80,younglagoon80@example.com,2025-03-14 21:08:42
169,harborcanyon48,harborcanyon48@hackstack.io,2025-08-05 03:17:09
170,mellowengine44,mellowengine44@hackstack.io,2024-05-24 02:37:19
171,emberpioneer26,emberpioneer26@example.com,2025-12-08 21:24:23
172,cobaltdelta54,cobaltdelta54@opswise.net,2025-04-02 15:18:25
173,dawnzenith51,dawnzenith51@hackstack.io,2024-12-24 17:23:32
174,keenkernel54,keenkernel54@opswise.net,2025-03-09 14:15:05
175,quietsignal60,quietsignal60@hackstack.io,2025-11-10 06:08:50
176,calmdelta93,calmdelta93@seeded.app,2025-11-05 15:08:16
177,opalnetwork60,opalnetwork60@seeded.app,2024-08-21 14:48:40
178,vividwindow52,vividwindow52@seeded.app,2025-11-17 18:59:45
179,vividcanyon18,vividcanyon18@hackstack.io,2025-06-17 17:23:40
180,embergarden10,embergarden10@relay.cloud,2025-11-24 20:18:15
181,silverkernel20,silverkernel20@opswise.net,2024-12-09 23:08:05
182,silveruplink71,silveruplink71@example.com,2025-09-25 05:10:07
183,warmtrail47,warmtrail47@seeded.app,2024-10-23 17:53:24
184,tidyyard75,tidyyard75@hackstack.io,2025-01-19 21:37:28
185,jadevalley01,jadevalley01@hackstack.io,2024-09-24 00:40:39
186,livelywindow98,livelywindow98@seeded.app,2024-02-08 08:05:16
187,youngbeacon74,youngbeacon74@example.com,2025-05-15 20:49:42
188,dawngarden58,dawngarden58@acme.dev,2024-10-14 22:51:25
189,warmorbit19,warmorbit19@hackstack.io,2024-03-18 07:18:18
190,clearnetwork90,clearnetwork90@opswise.net,2024-11-26 06:19:29
191,goldtrail68,goldtrail68@example.com,2024-11-11 21:40:38
192,quiettrail71,quiettrail71@example.com,2025-07-14 09:57:46
193,urbanwindow94,urbanwindow94@example.com,2025-05-20 02:31:33
194,ambercanyon27,ambercanyon27@opswise.net,2024-06-03 08:01:45
195,ivorynetwork56,ivorynetwork56@acme.dev,2024-07-30 17:49:19
196,ivorytrail02,ivorytrail02@opswise.net,2025-08-01 06:53:00
197,mellowsignal74,mellowsignal74@hackstack.io,2024-07-27 06:55:30
198,ivorykernel02,ivorykernel02@opswise.net,2025-05-10 23:19:46
199,youngsignal67,youngsignal67@example.com,2024-08-10 10:47:38
200,briskcanyon32,briskcanyon32@acme.dev,2024-11-01 10:15:13
201,livelysignal99,livelysignal99@example.com,2024-02-07 13:10:57
202,quietriver49,quietriver49@relay.cloud,2025-01-23 16:15:16
203,warmmeadow28,warmmeadow28@hackstack.io,2024-07-25 01:45:36
204,keenorbit53,keenorbit53@example.com,2024-06-02 09:54:10
205,goldlagoon02,goldlagoon02@opswise.net,2025-12-10 02:17:02
206,quietsignal83,quietsignal83@hackstack.io,2025-11-30 15:25:41
207,keenisland84,keenisland84@opswise.net,2025-10-18 13:24:20
208,cobaltzenith42,cobaltzenith42@opswise.net,2024-08-03 12:20:50
209,proudquartz83,proudquartz83@relay.cloud,2024-06-16 14:20:03
210,navyfield86,navyfield86@relay.cloud,2024-10-17 07:15:12
211,vividfield64,vividfield64@example.com,2024-07-08 17:05:32
212,livelysignal09,livelysignal09@hackstack.io,2024-01-18 11:06:00
213,opalvalley58,opalvalley58@hackstack.io,2025-10-31 19:39:33
214,navyengine53,navyengine53@opswise.net,2025-04-25 08:09:52
215,embermeadow33,embermeadow33@acme.dev,2025-07-13 17:00:53
216,warmzenith75,warmzenith75@example.com,2024-06-21 05:16:54
217,navyanchor70,navyanchor70@hackstack.io,2024-03-03 18:54:14
218,quietwindow03,quietwindow03@relay.cloud,2025-12-12 20:27:07
219,keenkernel94,keenkernel94@opswise.net,2025-04-12 19:40:46
220,calmgarden77,calmgarden77@acme.dev,2025-01-18 14:06:57
221,keentrail08,keentrail08@opswise.net,2024-05-25 13:45:02
222,rapiduplink25,rapiduplink25@hackstack.io,2026-01-07 01:30:43
223,silverquartz14,silverquartz14@seeded.app,2024-11-21 05:36:01
224,harborharvest72,harborharvest72@hackstack.io,2025-10-01 05:58:06
225,quietdelta96,quietdelta96@seeded.app,2024-07-16 02:47:08
226,vividkernel77,vividkernel77@hackstack.io,2024-02-17 21:20:24
227,proudriver14,proudriver14@seeded.app,2025-05-25 22:16:10
228,keenengine84,keenengine84@hackstack.io,2025-02-25 16:17:10
229,golddelta94,golddelta94@relay.cloud,2024-03-11 03:49:39
230,warmmeadow23,warmmeadow23@example.com,2024-09-16 09:33:45
231,navyisland78,navyisland78@opswise.net,2024-10-29 08:55:40
232,silvercanyon48,silvercanyon48@opswise.net,2025-03-01 20:29:53
233,ivorytrail95,ivorytrail95@seeded.app,2024-11-21 01:06:41
234,ivoryanchor58,ivoryanchor58@hackstack.io,2024-04-13 09:06:18
235,goldcanyon72,goldcanyon72@acme.dev,2024-02-18 13:22:30
236,keenbeacon66,keenbeacon66@opswise.net,2024-05-25 08:44:06
237,goldlagoon36,goldlagoon36@example.com,2024-08-26 04:36:04
238,briskvalley39,briskvalley39@example.com,2025-02-28 23:54:57
239,silverbeacon19,silverbeacon19@acme.dev,2024-08-03 18:24:14
240,opalmeadow65,opalmeadow65@relay.cloud,2025-05-18 08:18:56
241,dawndelta58,dawndelta58@hackstack.io,2024-12-06 16:43:19
242,ivorybeacon90,ivorybeacon90@seeded.app,2024-07-04 18:23:11
243,livelysignal83,livelysignal83@acme.dev,2025-10-26 00:17:19
244,dawngarden45,dawngarden45@example.com,2025-07-16 10:19:53
245,youngisland51,youngisland51@acme.dev,2024-08-05 08:11:13
246,forestvalley10,forestvalley10@acme.dev,2024-01-15 06:30:36
247,opalsignal75,opalsignal75@seeded.app,2025-09-29 02:03:46
248,navysignal18,navysignal18@example.com,2025-05-19 00:35:56
249,melloworbit52,melloworbit52@seeded.app,2025-11-30 19:08:46
250,keenlagoon82,keenlagoon82@acme.dev,2025-03-28 21:43:02
251,emberkernel06,emberkernel06@hackstack.io,2024-07-26 22:34:37
252,youngorbit73,youngorbit73@acme.dev,2024-02-07 02:52:18
253,navyisland22,navyisland22@relay.cloud,2025-09-27 09:25:39
254,tidybeacon13,tidybeacon13@acme.dev,2025-10-13 08:38:58
255,cobaltsignal52,cobaltsignal52@relay.cloud,2025-01-21 13:41:38
256,briskdelta24,briskdelta24@relay.cloud,2024-08-24 06:21:18
257,harborsignal12,harborsignal12@seeded.app,2024-07-07 09:52:46
258,embernetwork02,embernetwork02@hackstack.io,2024-05-23 20:07:48
259,rapidfield83,rapidfield83@acme.dev,2025-10-27 16:26:00
260,amberisland79,amberisland79@acme.dev,2025-11-19 03:51:56
261,keenisland03,keenisland03@hackstack.io,2025-10-03 01:56:19
262,emberisland32,emberisland32@opswise.net,2024-09-04 12:44:50
263,brisklagoon86,brisklagoon86@relay.cloud,2024-07-11 06:29:23
264,rapidsignal74,rapidsignal74@example.com,2024-07-22 07:38:37
265,briskorbit70,briskorbit70@acme.dev,2024-09-25 11:57:54
266,opalwindow16,opalwindow16@acme.dev,2025-11-03 21:38:54
267,forestvalley26,forestvalley26@opswise.net,2024-07-05 02:50:25
268,harborharvest47,harborharvest47@relay.cloud,2024-12-15 21:15:46
269,opalisland97,opalisland97@example.com,2024-12-22 08:37:26
270,warmtrail64,warmtrail64@example.com,2024-12-26 23:24:00
271,dawngarden09,dawngarden09@opswise.net,2026-01-21 19:22:06
272,vividharvest92,vividharvest92@seeded.app,2024-10-12 12:00:38
273,urbancanyon10,urbancanyon10@example.com,2025-07-29 02:33:36
274,cobaltharvest05,cobaltharvest05@relay.cloud,2025-02-23 15:20:21
275,jadevalley69,jadevalley69@relay.cloud,2024-05-13 13:16:02
276,youngengine98,youngengine98@relay.cloud,2025-09-08 02:07:23
277,calmkernel55,calmkernel55@seeded.app,2025-09-21 18:36:48
278,clearnetwork46,clearnetwork46@opswise.net,2024-10-02 09:27:57
279,keenfield89,keenfield89@hackstack.io,2025-09-05 01:19:54
280,briskcanyon62,briskcanyon62@seeded.app,2024-05-08 03:47:15
281,vividjourney20,vividjourney20@relay.cloud,2025-07-28 09:29:06
282,harborisland97,harborisland97@relay.cloud,2024-09-06 08:03:55
283,warmmeadow27,warmmeadow27@hackstack.io,2024-08-30 19:37:34
284,calmzenith35,calmzenith35@seeded.app,2024-12-13 09:33:25
285,mellowengine70,mellowengine70@hackstack.io,2025-06-26 20:17:02
286,keenbeacon54,keenbeacon54@hackstack.io,2024-09-04 23:41:34
287,vividnetwork25,vividnetwork25@seeded.app,2025-03-17 13:10:32
288,urbansignal34,urbansignal34@seeded.app,2025-04-08 19:46:24
289,embervalley12,embervalley12@hackstack.io,2024-12-17 10:11:46
290,rapidwindow27,rapidwindow27@relay.cloud,2025-09-26 19:23:05
291,quietvalley31,quietvalley31@acme.dev,2025-10-22 15:29:39
292,vividzenith61,vividzenith61@relay.cloud,2024-06-29 21:38:43
293,ivoryisland16,ivoryisland16@example.com,2025-10-29 21:40:31
294,dawnyard68,dawnyard68@hackstack.io,2024-04-03 08:58:38
295,jadeyard85,jadeyard85@seeded.app,2024-10-23 12:57:49
296,harbormeadow68,harbormeadow68@acme.dev,2024-12-12 21:50:00
297,proudkernel65,proudkernel65@example.com,2025-05-28 18:30:55
298,youngwindow55,youngwindow55@relay.cloud,2024-04-12 09:24:44
299,youngwindow27,youngwindow27@hackstack.io,2024-11-19 00:48:15
300,clearisland05,clearisland05@relay.cloud,2025-07-04 10:18:41
301,keengarden59,keengarden59@example.com,2026-01-17 13:27:45
302,calmcanyon74,calmcanyon74@example.com,2024-01-03 15:28:53
303,briskriver60,briskriver60@opswise.net,2024-12-15 12:37:44
304,youngdelta09,youngdelta09@acme.dev,2025-09-02 14:04:02
305,vividpioneer61,vividpioneer61@relay.cloud,2025-03-11 16:01:20
306,clearengine15,clearengine15@example.com,2024-02-14 04:59:32
307,rapidpioneer80,rapidpioneer80@relay.cloud,2025-03-21 00:53:57
308,youngpioneer15,youngpioneer15@acme.dev,2025-01-11 14:46:56
309,quietcanyon26,quietcanyon26@example.com,2024-10-04 19:01:33
310,urbanmeadow61,urbanmeadow61@opswise.net,2024-05-31 14:45:08
311,harborriver31,harborriver31@hackstack.io,2024-10-16 04:15:38
312,golddelta56,golddelta56@example.com,2024-04-03 00:12:04
313,jaderiver87,jaderiver87@opswise.net,2026-01-14 02:15:38
314,forestnetwork18,forestnetwork18@example.com,2025-03-26 05:01:28
315,dawnmeadow86,dawnmeadow86@relay.cloud,2026-01-10 10:36:42
316,mellowriver96,mellowriver96@relay.cloud,2024-02-13 05:36:20
317,opalisland59,opalisland59@example.com,2025-04-12 02:12:43
318,calmnetwork00,calmnetwork00@relay.cloud,2024-03-15 14:30:53
319,ivoryharvest82,ivoryharvest82@hackstack.io,2025-02-04 10:26:55
320,harborbeacon21,harborbeacon21@seeded.app,2025-05-20 17:07:49
321,urbanyard22,urbanyard22@seeded.app,2025-04-26 03:24:42
322,ambervalley12,ambervalley12@example.com,2024-12-07 05:41:06
323,proudquartz44,proudquartz44@seeded.app,2024-07-26 02:03:23
324,youngtrail35,youngtrail35@hackstack.io,2026-01-15 13:39:22
325,calmlagoon65,calmlagoon65@seeded.app,2024-05-01 12:45:53
326,goldjourney83,goldjourney83@seeded.app,2024-10-04 09:12:29
327,ivoryyard69,ivoryyard69@hackstack.io,2024-08-07 10:19:58
328,rapiduplink62,rapiduplink62@seeded.app,2024-05-05 00:13:26
329,briskanchor79,briskanchor79@acme.dev,2024-08-08 03:51:44
330,silverbeacon57,silverbeacon57@opswise.net,2024-04-19 23:10:36
331,calmbeacon48,calmbeacon48@acme.dev,2024-03-21 14:15:24
332,silverjourney79,silverjourney79@opswise.net,2025-10-20 02:49:27
333,goldnetwork56,goldnetwork56@opswise.net,2024-08-14 22:08:02
334,urbanorbit94,urbanorbit94@seeded.app,2025-08-27 15:30:08
335,brisksignal41,brisksignal41@seeded.app,2025-07-04 08:47:05
336,rapiduplink78,rapiduplink78@example.com,2024-02-19 23:40:39
337,mellowkernel19,mellowkernel19@acme.dev,2025-11-22 13:55:37
338,ivorysignal60,ivorysignal60@hackstack.io,2024-09-21 02:54:55
339,tidytrail88,tidytrail88@hackstack.io,2024-10-09 03:02:25
340,opalzenith01,opalzenith01@example.com,2025-10-09 11:37:57
341,cobaltfield96,cobaltfield96@seeded.app,2025-04-26 01:28:00
342,goldharvest98,goldharvest98@acme.dev,2025-01-05 06:10:52
343,clearjourney07,clearjourney07@example.com,2025-12-04 23:16:25
344,prouddelta19,prouddelta19@hackstack.io,2025-09-25 06:16:30
345,forestmeadow51,forestmeadow51@opswise.net,2025-12-10 05:16:57
346,mellowwindow04,mellowwindow04@hackstack.io,2024-10-13 14:55:07
347,clearanchor42,clearanchor42@acme.dev,2024-08-15 13:53:03
348,brisktrail51,brisktrail51@example.com,2025-08-02 19:28:32
349,opalmeadow95,opalmeadow95@hackstack.io,2024-09-03 23:03:07
350,cobaltmeadow84,cobaltmeadow84@relay.cloud,2024-08-05 15:44:54
351,warmkernel99,warmkernel99@opswise.net,2024-08-22 16:36:43
352,mellowcanyon07,mellowcanyon07@acme.dev,2025-02-01 12:08:52
353,silverbeacon72,silverbeacon72@seeded.app,2024-06-02 04:16:01
354,jadewindow07,jadewindow07@seeded.app,2024-12-01 03:42:58
355,tidyjourney27,tidyjourney27@opswise.net,2026-01-20 05:40:03
356,clearyard21,clearyard21@relay.cloud,2024-04-16 19:05:22
357,goldwindow24,goldwindow24@opswise.net,2024-12-19 08:48:29
358,forestquartz35,forestquartz35@opswise.net,2024-02-07 16:28:57
359,keenisland41,keenisland41@relay.cloud,2025-11-01 04:36:31
360,emberharvest97,emberharvest97@example.com,2024-01-10 22:30:55
361,ivoryzenith65,ivoryzenith65@seeded.app,2025-09-02 01:12:53
362,warmgarden78,warmgarden78@seeded.app,2024-02-05 02:44:46
363,harborquartz04,harborquartz04@hackstack.io,2025-02-07 07:31:54
364,ivoryfield18,ivoryfield18@example.com,2025-06-28 19:12:30
365,navygarden36,navygarden36@example.com,2025-02-19 00:11:34
366,mellowquartz17,mellowquartz17@example.com,2025-10-20 21:20:00
367,proudnetwork69,proudnetwork69@opswise.net,2025-12-21 21:53:40
368,goldzenith16,goldzenith16@seeded.app,2025-01-30 05:14:03
369,goldanchor56,goldanchor56@example.com,2025-12-27 14:50:35
370,livelybeacon11,livelybeacon11@acme.dev,2025-04-15 13:14:38
371,calmriver16,calmriver16@hackstack.io,2024-10-18 07:49:32
372,silverpioneer86,silverpioneer86@opswise.net,2024-11-15 12:28:30
373,cobaltanchor76,cobaltanchor76@acme.dev,2025-02-12 14:47:02
374,harborvalley61,harborvalley61@hackstack.io,2025-10-31 02:11:33
375,opalengine14,opalengine14@hackstack.io,2025-01-07 03:18:22
376,livelydelta80,livelydelta80@hackstack.io,2024-06-18 19:14:19
377,briskwindow84,briskwindow84@example.com,2025-12-30 09:57:09
378,quietuplink65,quietuplink65@seeded.app,2024-10-23 09:08:33
379,younguplink53,younguplink53@hackstack.io,2024-12-21 09:46:59
380,livelycanyon77,livelycanyon77@example.com,2024-05-06 20:32:51
381,brisknetwork36,brisknetwork36@relay.cloud,2025-09-13 07:05:18
382,jadelagoon22,jadelagoon22@relay.cloud,2024-07-08 14:41:12
383,silvercanyon95,silvercanyon95@seeded.app,2025-10-15 23:25:33
384,emberjourney91,emberjourney91@opswise.net,2025-12-04 04:02:54
385,mellowtrail07,mellowtrail07@acme.dev,2025-08-20 15:37:08
386,silverquartz38,silverquartz38@opswise.net,2024-01-23 13:59:12
387,rapidvalley19,rapidvalley19@relay.cloud,2025-05-09 17:26:44
388,dawnquartz57,dawnquartz57@acme.dev,2024-08-12 07:49:51
389,rapidorbit83,rapidorbit83@opswise.net,2024-08-03 20:10:01
390,navyuplink57,navyuplink57@relay.cloud,2025-03-15 14:36:19
391,mellowfield89,mellowfield89@seeded.app,2026-01-02 00:01:36
392,jadecanyon11,jadecanyon11@seeded.app,2025-12-26 00:09:29
393,vividvalley64,vividvalley64@seeded.app,2024-01-10 00:38:25
394,silverdelta33,silverdelta33@example.com,2025-07-11 15:26:47
395,keenwindow93,keenwindow93@hackstack.io,2024-05-22 01:58:18
396,mellowjourney14,mellowjourney14@seeded.app,2024-04-30 09:59:32
397,quietanchor76,quietanchor76@acme.dev,2024-12-08 22:59:53
398,urbangarden82,urbangarden82@acme.dev,2024-01-03 00:08:42
399,warmwindow38,warmwindow38@seeded.app,2024-04-04 04:17:31
400,forestorbit29,forestorbit29@acme.dev,2025-11-25 05:48:04
